business	$1m payoff for former Shell boss
business	'Golden economic period' to end
business	'Post-Christmas lull' in lending
business	'Standoff' on Deutsche's LSE bid
business	'Strong dollar' call halts slide
business	Absa and Barclays talks continue
business	Ad firm WPP's profits surge 15%
business	Ad sales boost Time Warner profit
business	Aids and climate top Davos agenda
business	Ailing EuroDisney vows turnaround
business	Air China in $1bn London listing
business	Air Jamaica back in state control
business	Air passengers win new EU rights
business	Alfa Romeos 'to get GM engines'
business	Algeria hit by further gas riots
business	Amex shares up on spin-off news
business	Argentina closes $102.6bn debt swap
business	Argentina, Venezuela in oil deal
business	Arsenal 'may seek full share listing'
business	Asia quake increases poverty risk
business	Asian banks halt dollar's slide
business	Asian quake hits European shares
business	Ask Jeeves tips online ad revival
business	AstraZeneca hit by drug failure
business	Australia rates at four year high
business	Aviation firms eye booming India
business	Axa Sun Life cuts bonus payments
business	BA to suspend two Saudi services
business	BBC poll indicates economic gloom
business	BMW cash to fuel Mini production
business	BMW drives record sales in Asia
business	BMW reveals new models pipeline
business	BMW to recall faulty diesel cars
business	BP surges ahead on high oil price
business	BT offers equal access to rivals
business	Bad weather hits Nestle sales
business	Ban on forced retirement under 65
business	Bank holds interest rate at 4.75%
business	Bank opts to leave rates on hold
business	Bank payout to Pinochet victims
business	Bank set to leave rates on hold
business	Bank voted 8-1 for no rate change
business	Banker loses sexism claim
business	Barclays profits hit record level
business	Barclays shares up on merger talk
business	Bargain calls widen Softbank loss
business	Bat spit drug firm goes to market
business	Battered dollar hits another low
business	Beer giant swallows Russian firm
business	Beijingers fume over parking fees
business	Boeing secures giant Japan order
business	Boeing unveils new 777 aircraft
business	Bombardier chief to leave company
business	Booming markets shed few tears
business	Borussia Dortmund near bust
business	Brazil approves bankruptcy reform
business	Brazil buy boosts Belgium's Inbev
business	Brazil jobless rate hits new low
business	Brazil plays down Varig rescue
business	Brewers' profits lose their fizz
business	Britannia members' £42m windfall
business	Brussels raps mobile call charges
business	Budget Aston takes on Porsche
business	Building giant in asbestos payout
business	Burren awarded Egyptian contracts
business	Bush budget seeks deep cutbacks
business	Bush to get 'tough' on deficit
business	Bush to outline 'toughest' budget
business	Business confidence dips in Japan
business	Business fears over sluggish EU economy
business	Businesses fail to plan for HIV
business	Buyers snap up Jet Airways' shares
business	Cactus diet deal for Phytopharm
business	Cairn Energy in Indian gas find
business	Cairn shares slump on oil setback
business	Cairn shares up on new oil find
business	Call centre users 'lose patience'
business	Call to overhaul UK state pension
business	Call to save manufacturing jobs
business	Cannabis hopes for drug firm
business	Car giant hit by Mercedes slump
business	Card fraudsters 'targeting web'
business	Cars pull down US retail figures
business	Cash gives way to flexible friend
business	China Aviation seeks rescue deal
business	China bans new tobacco factories
business	China continues breakneck growth
business	China continues rapid growth
business	China had role in Yukos split-up
business	China keeps tight rein on credit
business	China now top trader with Japan
business	China suspends 26 power projects
business	China's Shanda buys stake in Sina
business	Chinese dam firm 'defies Beijing'
business	Chinese exports rise 25% in 2004
business	Chinese wine tempts Italy's Illva
business	Christmas sales worst since 1981
business	Christmas shoppers flock to tills
business	Circuit City gets takeover offer
business	Consumer spending lifts US growth
business	Consumers drive French economy
business	Continental 'may run out of cash'
business	Could Yukos be a blessing in disguise?
business	Court rejects $280bn tobacco case
business	Criminal probe on Citigroup deals
business	Crossrail link 'to get go-ahead'
business	Crude oil prices back above $50
business	Cuba winds back economic clock
business	DaimlerChrysler's 2004 sales rise
business	Deadline nears for Fiat-GM deal
business	Delta cuts fares in survival plan
business	Deutsche Boerse boosts dividend
business	Deutsche Boerse set to 'woo' LSE
business	Deutsche Telekom sees mobile gain
business	Deutsche attacks Yukos case
business	Diageo to buy US wine firm
business	Disaster claims 'less than $10bn'
business	Disney settles disclosure charges
business	Dollar drops on reserves concerns
business	Dollar gains on Greenspan speech
business	Dollar hits new low versus euro
business	Dollar hovers around record lows
business	Dollar slides ahead of New Year
business	Durex maker SSL awaits firm bid
business	Dutch bank to lay off 2,850 staff
business	EC calls truce in deficit battle
business	ECB holds rates amid growth fears
business	EMI shares hit by profit warning
business	EU 'too slow' on economic reforms
business	EU aiming to fuel development aid
business	EU ministers to mull jet fuel tax
business	EU to probe Alitalia 'state aid'
business	EU-US seeking deal on air dispute
business	Ebbers 'aware' of WorldCom fraud
business	Ebbers denies WorldCom fraud
business	Economy 'stronger than forecast'
business	Egypt and Israel seal trade deal
business	Egypt to sell off state-owned bank
business	Electrolux to export Europe jobs
business	Electronics firms eye plasma deal
business	Enron bosses in $168m payout
business	Ericsson sees earnings improve
business	Ethiopia's crop production up 24%
business	Euro firms miss out on optimism
business	Euronext 'poised to make LSE bid'
business	Euronext joins bid battle for LSE
business	Europe asks Asia for euro help
business	Europe blames US over weak dollar
business	European losses hit GM's profits
business	Ex-Boeing director gets jail term
business	Executive trio leave Aer Lingus
business	FAO warns on impact of subsidies
business	FBI agent colludes with analyst
business	Fannie Mae 'should restate books'
business	Fed chief warning on US deficit
business	Fed warns of more US rate rises
business	Feta cheese battle reaches court
business	Fiat chief takes steering wheel
business	Fiat mulls Ferrari market listing
business	Firms pump billions into pensions
business	Five million Germans out of work
business	Ford gains from finance not cars
business	Fosters buys stake in winemaker
business	France Telecom gets Orange boost
business	French boss to leave EADS
business	French consumer spending rising
business	French suitor holds LSE meeting
business	French wine gets 70m euro top-up
business	Fresh hope after Argentine crisis
business	Further rise in UK jobless total
business	G7 backs Africa debt relief plan
business	GE sees 'excellent' world economy
business	GM in crunch talks on Fiat future
business	GM issues 2005 profits warning
business	GM pays $2bn to evade Fiat buyout
business	GM, Ford cut output as sales fall
business	GSK aims to stop Aids profiteers
business	Gaming firm to sell UK dog tracks
business	Gazprom 'in $36m back-tax claim'
business	Georgia plans hidden asset pardon
business	German bidder in talks with LSE
business	German business confidence slides
business	German economy rebounds
business	German growth goes into reverse
business	German jobless rate at new record
business	Germany calls for EU reform
business	Germany nears 1990 jobless level
business	Giant waves damage S Asia economy
business	Giving financial gifts to children
business	Glaxo aims high after profit fall
business	Glazer makes new Man Utd approach
business	Go-ahead for Balkan oil pipeline
business	Gold falls on IMF sale concerns
business	Golden rule 'intact' says ex-aide
business	Golden rule boost for Chancellor
business	Google shares fall as staff sell
business	Green reports shun supply chain
business	Hariri killing hits Beirut shares
business	HealthSouth ex-boss goes on trial
business	High fuel costs hit US airlines
business	High fuel prices hit BA's profits
business	Home loan approvals rising again
business	Honda wins China copyright ruling
business	House prices drop as sales slow
business	House prices rebound says Halifax
business	House prices show slight increase
business	House prices suffer festive fall
business	Huge rush for Jet Airways shares
business	Hyundai to build new India plant
business	ID theft surge hits US consumers
business	IMF 'cuts' German growth estimate
business	IMF agrees fresh Turkey funding
business	India and Iran in gas export deal
business	India and Russia in energy talks
business	India calls for fair trade rules
business	India opens skies to competition
business	India power shares jump on debut
business	India seeks to boost construction
business	India unveils anti-poverty budget
business	India widens access to telecoms
business	India's Deccan gets more planes
business	India's Deccan seals $1.8bn deal
business	India's Maruti sees profits jump
business	India's Reliance family feud heats up
business	India's rupee hits five-year high
business	India-Pakistan peace boosts trade
business	Indian oil firm eyes Yukos assets
business	Indonesia 'declines debt freeze'
business	Indonesians face fuel price rise
business	Industrial output falls in Japan
business	Industrial revival hope for Japan
business	Indy buys into India paper
business	Insurance bosses plead guilty
business	Iran budget seeks state sell-offs
business	Iranian MPs threaten mobile deal
business	Iraq and Afghanistan in WTO talks
business	Iraq to invite phone licence bids
business	Iraqi voters turn to economic issues
business	Irish company hit by Iraqi report
business	Irish duo could block Man Utd bid
business	Irish markets reach all-time high
business	Israel looks to US for bank chief
business	Israeli economy picking up pace
business	Italy to get economic action plan
business	J&J agrees $25bn Guidant deal
business	JP Morgan admits US slavery links
business	Japan bank shares up on link talk
business	Japan economy slides to recession
business	Japan narrowly escapes recession
business	Japan turns to beer alternatives
business	Japan's ageing workforce: built to last
business	Japanese banking battle at an end
business	Japanese growth grinds to a halt
business	Japanese mogul arrested for fraud
business	Jarvis sells Tube stake to Spain
business	Jobs go at Oracle after takeover
business	Karachi stocks hit historic high
business	Khodorkovsky ally denies charges
business	Khodorkovsky quits Yukos shares
business	Kraft cuts snack ads for children
business	Krispy Kreme shares hit
business	LSE 'sets date for takeover deal'
business	LSE doubts boost bidders' shares
business	Lacroix label bought by US firm
business	Latin America sees strong growth
business	Laura Ashley chief stepping down
business	Lesotho textile workers lose jobs
business	Liberian economy starts to grow
business	Libya takes $1bn in unfrozen funds
business	Lloyd's of London head chides FSA
business	Low-cost airlines hit Eurotunnel
business	Lufthansa flies back to profit
business	Lufthansa may sue over Bush visit
business	M&S cuts prices by average of 24%
business	MCI shareholder sues to stop bid
business	MCI shares climb on takeover bid
business	MG Rover China tie-up 'delayed'
business	Macy's owner buys rival for $11bn
business	Madagascar completes currency switch
business	Making your office work for you
business	Malaysia lifts Islamic bank limit
business	Man Utd to open books to Glazer
business	Manufacturing recovery 'slowing'
business	Market unfazed by Aurora setback
business	Markets fall on weak dollar fears
business	Markets signal Brazilian recovery
business	Marsh executive in guilty plea
business	McDonald's boss Bell dies aged 44
business	McDonald's to sponsor MTV show
business	Metlife buys up Citigroup insurer
business	Mexican in US send $16bn home
business	Mild winter drives US oil down 6%
business	Millions 'to lose textile jobs'
business	Millions go missing at China bank
business	Minister hits out at Yukos sale
business	Mitsubishi in Peugeot link talks
business	Mixed Christmas for US retailers
business	Mixed reaction to Man Utd offer
business	Mixed signals from French economy
business	Monsanto fined $1.5m for bribery
business	Mystery surrounds new Yukos owner
business	Nasdaq planning $100m share sale
business	Nasdaq planning $100m-share sale
business	Newest EU members underpin growth
business	News Corp makes $5.4bn Fox offer
business	Nigeria to boost cocoa production
business	Nissan names successor to Ghosn
business	No seasonal lift for house market
business	Nortel in $300m profit revision
business	Novartis hits acquisition trail
business	Oil companies get Russian setback
business	Oil prices fall back from highs
business	Oil prices reach three-month low
business	Oil rebounds from weather effect
business	Optimism remains over UK housing
business	Orange colour clash set for court
business	Ore costs hit global steel firms
business	Palestinian economy in decline
business	Parmalat bank barred from suing
business	Parmalat boasts doubled profits
business	Parmalat founder offers apology
business	Parmalat sues 45 banks over crash
business	Parmalat to return to stockmarket
business	Pension hitch for long-living men
business	Pernod takeover talk lifts Domecq
business	Peugeot deal boosts Mitsubishi
business	Police detain Chinese milk bosses
business	Profits jump at China's top bank
business	Profits slide at India's Dr Reddy
business	Profits stall at China's Lenovo
business	Putin backs state grab for Yukos
business	Q&A: Malcolm Glazer and Man Utd
business	Qantas considers offshore option
business	Qantas sees profits fly to record
business	Qatar and Shell in $6bn gas deal
business	Quake's economic costs emerging
business	Quiksilver moves for Rossignol
business	Qwest may spark MCI bidding war
business	Rank 'set to sell off film unit'
business	Record year for Chilean copper
business	Reliance unit loses Anil Ambani
business	Renault boss hails 'great year'
business	Rescue hope for Borussia Dortmund
business	Retail sales show festive fervour
business	Rich grab half Colombia poor fund
business	Rover deal 'may cost 2,000 jobs'
business	Russia WTO talks 'make progress'
business	Russia gets investment blessing
business	Russian oil merger excludes Yukos
business	Ryanair in $4bn Boeing plane deal
business	S Korean consumers spending again
business	S Korean credit card firm rescued
business	S Korean lender faces liquidation
business	S&N extends Indian beer venture
business	SA unveils 'more for all' budget
business	SBC plans post-takeover job cuts
business	Saab to build Cadillacs in Sweden
business	Safety alert as GM recalls cars
business	Salary scandal in Cameroon
business	Sales 'fail to boost High Street'
business	Saudi NCCI's shares soar
business	Saudi investor picks up the Savoy
business	Saudi ministry to employ women
business	Senior Fannie Mae bosses resign
business	Share boost for feud-hit Reliance
business	Shares hit by MS drug suspension
business	Shares rise on new Man Utd offer
business	Slowdown hits US factory growth
business	Sluggish economy hits German jobs
business	Small firms 'hit by rising costs'
business	Soaring oil 'hits world economy'
business	Soros group warns of Kazakh close
business	South African car demand surges
business	Split-caps pay £194m compensation
business	Standard Life concern at LSE bid
business	Standard Life cuts policy bonuses
business	Steel firm 'to cut' 45,000 jobs
business	Stock market eyes Japan recovery
business	Stormy year for property insurers
business	Strong demand triggers oil rally
business	Strong quarterly growth for Nike
business	Survey confirms property slowdown
business	Swiss cement firm in buying spree
business	Takeover offer for Sunderland FC
business	Takeover rumour lifts Exel shares
business	Tate & Lyle boss bags top award
business	Telegraph newspapers axe 90 jobs
business	The 'ticking budget' facing the US
business	Tobacco giants hail court ruling
business	Tokyo says deflation 'controlled'
business	Trade gap narrows as exports rise
business	Train strike grips Buenos Aires
business	Trial begins of Spain's top banker
business	Tsunami 'to hit Sri Lanka banks'
business	Tsunami cost hits Jakarta shares
business	Tsunami slows Sri Lanka's growth
business	Tsunami to cost Sri Lanka $1.3bn
business	Turkey knocks six zeros off lira
business	Turkey turns on the economic charm
business	Turkey-Iran mobile deal 'at risk'
business	Two Nigerian banks set to merge
business	UK 'risks breaking golden rule'
business	UK Coal plunges into deeper loss
business	UK bank seals South Korean deal
business	UK economy ends year with spurt
business	UK economy facing 'major risks'
business	UK firm faces Venezuelan land row
business	UK homes hit £3.3 trillion total
business	UK house prices dip in November
business	UK interest rates held at 4.75%
business	UK young top Euro earnings league
business	US Ahold suppliers face charges
business	US Airways staff agree to pay cut
business	US adds more jobs than expected
business	US bank 'loses' customer details
business	US bank boss hails 'genius' Smith
business	US bank in $515m SEC settlement
business	US budget deficit to reach $368bn
business	US company admits Benin bribery
business	US consumer confidence up
business	US crude prices surge above $53
business	US data sparks inflation worries
business	US economy shows solid GDP growth
business	US economy still growing says Fed
business	US firm 'bids for Lacroix label'
business	US firm pulls out of Iraq
business	US gives foreign firms extra time
business	US in EU tariff chaos trade row
business	US industrial output growth eases
business	US insurer Marsh cuts 2,500 jobs
business	US interest rate rise expected
business	US interest rates increased to 2%
business	US manufacturing expands
business	US prepares for hybrid onslaught
business	US regulator to rule on pain drug
business	US retail sales surge in December
business	US seeks new $280bn smoker ruling
business	US to probe airline travel chaos
business	US to rule on Yukos refuge call
business	US trade deficit widens sharply
business	US trade gap ballooned in October
business	US trade gap hits record in 2004
business	Ukraine revisits state sell-offs
business	Ukraine steel sell-off 'illegal'
business	Ukraine strikes Turkmen gas deal
business	Ukraine trims privatisation check
business	Umbro profits lifted by Euro 2004
business	Unilever shake up as profit slips
business	VW considers opening Indian plant
business	Venezuela and China sign oil deal
business	Venezuela identifies 'idle' farms
business	Venezuela reviews foreign deals
business	Verizon 'seals takeover of MCI'
business	Virgin Blue shares plummet 20%
business	Vodafone appoints new Japan boss
business	WMC profits up amid bid criticism
business	WMC says Xstrata bid is too low
business	Wal-Mart fights back at accusers
business	Wal-Mart to pay $14m in gun suit
business	Wall Street cheers Bush victory
business	Wall Street cool to eBay's profit
business	Warning over US pensions deficit
business	Watchdog probes Vivendi bond sale
business	Water firm Suez in Argentina row
business	Weak data buffets French economy
business	Weak dollar hits Reuters
business	Weak dollar trims Cadbury profits
business	Weak end-of-year sales hit Next
business	Wembley firm won't make a profit
business	Why few targets are better than many
business	Winemaker rejects Foster's offer
business	Winn-Dixie files for bankruptcy
business	Winter freeze keeps oil above $50
business	Wipro beats forecasts once again
business	World leaders gather to face uncertainty
business	WorldCom bosses' $54m payout
business	WorldCom director admits lying
business	WorldCom trial starts in New York
business	Worldcom boss 'left books alone'
business	Worldcom director ends evidence
business	Worldcom ex-boss launches defence
business	Yangtze Electric's profits double
business	Yukos accused of lying to court
business	Yukos bankruptcy 'not US matter'
business	Yukos drops banks from court bid
business	Yukos heading back to US courts
business	Yukos loses US bankruptcy battle
business	Yukos owner sues Russia for $28bn
business	Yukos seeks court action on sale
business	Yukos sues four firms for $20bn
business	Yukos unit buyer faces loan claim
business	Yukos unit fetches $9bn at auction
category	title
entertainment	&#163;1.8m indecency fine for Viacom
entertainment	'Christmas song formula' unveiled
entertainment	'Comeback' show for Friends star
entertainment	'Landmark movies' of 2004 hailed
entertainment	'My memories of Marley...'
entertainment	A-listers flock to Gervais sitcom
entertainment	Aaliyah claim dismissed by court
entertainment	Abba queen enters music rich list
entertainment	Abba reunite for musical premiere
entertainment	Actor Foxx sees Globe nominations
entertainment	Actor Scott is new Bond favourite
entertainment	Actress Roberts takes spider role
entertainment	Adventure tale tops awards
entertainment	Alicia Keys to open US Super Bowl
entertainment	Angels 'favourite funeral song'
entertainment	Animation charms Japan box office
entertainment	Applegate's Charity show closes
entertainment	Arnold congratulated on Oscar win
entertainment	Arthur Hailey: King of the bestsellers
entertainment	Artists' secret postcards on sale
entertainment	Aviator and Vera take Bafta glory
entertainment	Aviator wins top Globes accolades
entertainment	BBC 'should allow more scrutiny'
entertainment	BBC denies Blackadder TV comeback
entertainment	BBC to pour £9m into new comedy
entertainment	Baby becomes new Oscar favourite
entertainment	Bafta to hand out movie honours
entertainment	Baghdad Blogger on big screen
entertainment	Band Aid 20 single storms to No 1
entertainment	Band Aid retains number one spot
entertainment	Bangkok film festival battles on
entertainment	Baywatch dubbed 'worst TV import'
entertainment	Beastie Boys win sampling battle
entertainment	Beatles suits sell for $110,000
entertainment	Belle named 'best Scottish band'
entertainment	Bening makes awards breakthrough
entertainment	Bennett play takes theatre prizes
entertainment	Berlin applauds Hotel Rwanda
entertainment	Berlin celebrates European cinema
entertainment	Berlin cheers for anti-Nazi film
entertainment	Berlin hails European cinema
entertainment	Berlin honours S Korean director
entertainment	Bets off after Big Brother 'leak'
entertainment	Black Sabbath top rock album poll
entertainment	Blair buys copies of new Band Aid
entertainment	Blue beat U2 to top France honour
entertainment	Bollywood DVD fraudster is jailed
entertainment	Bollywood draws global stars
entertainment	Boogeyman takes box office lead
entertainment	Box office blow for Alexander
entertainment	Brando 'rejected Godfather role'
entertainment	Branson show flops on US screens
entertainment	Brit awards for Devon music acts
entertainment	British stars denied major Oscars
entertainment	Britney attacks 'false tabloids'
entertainment	Briton wins short film Oscar
entertainment	Brits debate over 'urban' music
entertainment	Brookside actress Keaveney dies
entertainment	Brookside creator's Channel 4 bid
entertainment	Buffy creator joins Wonder Woman
entertainment	Byrds producer Melcher dies at 62
entertainment	CSI shows give 'unrealistic view'
entertainment	Cage film's third week at US top
entertainment	Campaigners attack MTV 'sleaze'
entertainment	Career honour for actor DiCaprio
entertainment	Carry On star Patsy Rowlands dies
entertainment	Casino Royale is next Bond movie
entertainment	Celebrities get their skates on
entertainment	Celebrities get to stay in jungle
entertainment	Charity single for quake relief
entertainment	Children vote Shrek 2 best film
entertainment	Chris Evans back on the market
entertainment	Church anger over Bollywood film
entertainment	Church urges Nelly show boycott
entertainment	Comic Morris returns with sitcom
entertainment	Connick Jr to lead Broadway show
entertainment	Controversial film tops festival
entertainment	Corbett attacks 'dumbed-down TV'
entertainment	Court halts Mark Morrison album
entertainment	Critics back Aviator for Oscars
entertainment	Cult band Kasabian surge forward
entertainment	DJ double act revamp chart show
entertainment	DVD review: Harry Potter and the Prisoner of Azkaban
entertainment	DVD review: I, Robot
entertainment	DVD review: Spider-Man 2
entertainment	Da Vinci Code is 'lousy history'
entertainment	Da Vinci film to star Tom Hanks
entertainment	Dame Julie pops in to see Poppins
entertainment	Dance music not dead says Fatboy
entertainment	De Niro completes box office coup
entertainment	Deal to ban 'homophobic' reggae
entertainment	Director Nair's Vanity project
entertainment	Dirty Den's demise seen by 14m
entertainment	Disputed Nirvana box set on sale
entertainment	Double eviction from Big Brother
entertainment	Double win for Sea Inside
entertainment	Douglas set for Indian adventure
entertainment	Doves soar to UK album summit
entertainment	Download chart debut is delayed
entertainment	Duran Duran show set for US TV
entertainment	Dutch watch Van Gogh's last film
entertainment	Early Elvis recordings go on sale
entertainment	EastEnders 'is set for US remake'
entertainment	Eastwood's Baby scoops top Oscars
entertainment	Elton plays Paris charity concert
entertainment	Elvis 'set for chart hat-trick'
entertainment	Elvis fans hold birthday bash
entertainment	Elvis regains top chart position
entertainment	Elvis set to top UK singles chart
entertainment	Eminem beats Elvis to number one
entertainment	Eminem secret gig venue revealed
entertainment	Ethnic producers 'face barriers'
entertainment	Eurovision 'greats' to do battle
entertainment	Fantasy book wins Hollywood deal
entertainment	Farrell due to make US TV debut
entertainment	Fears raised over ballet future
entertainment	Fightstar take to the stage
entertainment	Film production 'falls' 40% in UK
entertainment	Film row over Pirates 'cannibals'
entertainment	Film star Fox behind theatre bid
entertainment	Films on war triumph at Sundance
entertainment	Fockers fuel festive film chart
entertainment	Fockers keeps US box office lead
entertainment	Fockers retain film chart crown
entertainment	Fox 'too reliant on reality TV'
entertainment	Foxx and Swank take actors awards
entertainment	Foxx and Swank win US awards
entertainment	France set for new Da Vinci novel
entertainment	Franz Ferdinand's art school lesson
entertainment	Franz man seeks government help
entertainment	French honour for director Parker
entertainment	Fry set for role in Hitchhiker's
entertainment	Gallery unveils interactive tree
entertainment	George Michael to perform for BBC
entertainment	German music in a 'zombie' state
entertainment	Gervais writing Simpsons episode
entertainment	Glasgow hosts tsunami benefit gig
entertainment	Glastonbury fans to get ID cards
entertainment	Global release for Japan hit film
entertainment	God cut from Dark Materials film
entertainment	Godzilla gets Hollywood fame star
entertainment	Goodrem wins top female MTV prize
entertainment	Grammys honour soul star Charles
entertainment	Greer attacks 'bully' Big Brother
entertainment	Halloween writer Debra Hill dies
entertainment	Hanks greeted at wintry premiere
entertainment	Hard act to follow for OutKast
entertainment	Help for indies in download sales
entertainment	Hendrix guitar fetches £100,000
entertainment	Hillbillies singer Scoggins dies
entertainment	Hitch holds on to US box office
entertainment	Hobbit picture 'four years away'
entertainment	Hoffman hits out over modern film
entertainment	Hollywood hunts hits at Sundance
entertainment	Hollywood ready for Oscars night
entertainment	Holmes wins '2004 top TV moment'
entertainment	Horror film heads US box office
entertainment	How the Academy Awards flourished
entertainment	Hundreds vie for best film Oscar
entertainment	Incredibles win animation awards
entertainment	India to deport Bollywood actress
entertainment	Indie film nominations announced
entertainment	J-Lo and husband plan debut duet
entertainment	Jackson film 'absolute disaster'
entertainment	Jamelia's return to the top
entertainment	Jarre joins fairytale celebration
entertainment	John Peel replacement show begins
entertainment	Johnny Cash manager Holiff dies
entertainment	Johnny Depp: The acting outlaw
entertainment	Johnny and Denise lose Passport
entertainment	Joy Division story to become film
entertainment	Jugnot 'tops French actor league'
entertainment	Jungle TV show ratings drop by 4m
entertainment	Keanu Reeves given Hollywood star
entertainment	Kidman wins photographer battle
entertainment	Label withdraws McFadden's video
entertainment	Last Star Wars 'not for children'
entertainment	Lasting influence of legend Charles
entertainment	Lee to create new film superhero
entertainment	Legendary music studio to close
entertainment	Levy takes Whitbread novel prize
entertainment	Levy tipped for Whitbread prize
entertainment	Lit Idol begins search for author
entertainment	Little Britain two top comic list
entertainment	Little Britain vies for TV trophy
entertainment	Lopez misses UK charity premiere
entertainment	Lost Doors frontman movie found
entertainment	Low-budget film wins Cesar
entertainment	Manics in charge of BBC 6 Music
entertainment	McCririck out of Big Brother show
entertainment	Media seek Jackson 'juror' notes
entertainment	Michael film signals 'retirement'
entertainment	Mogul Wilson backing UK rap band
entertainment	Moreno debut makes Oscar mark
entertainment	Mumbai bombs movie postponed
entertainment	Music man to the Oscars
entertainment	Music mogul Fuller sells company
entertainment	Musicians to tackle US red tape
entertainment	Muslim group attacks TV drama 24
entertainment	Mutant book wins Guardian prize
entertainment	Neeson in bid to revive theatre
entertainment	New Harry Potter tops book chart
entertainment	New media battle for Bafta awards
entertainment	No UK premiere for Rings musical
entertainment	No ads for Passion Oscar campaign
entertainment	No charges against TV's Cosby
entertainment	No jail for singer Courtney Love
entertainment	Oasis star fined for German brawl
entertainment	Obituary: Dame Alicia Markova
entertainment	Original Exorcist to be screened
entertainment	Oscar host Rock to keep it clean
entertainment	Oscar nominee Dan O'Herlihy dies
entertainment	Oscar nominees gear up for lunch
entertainment	Oscar nominees lack pulling power
entertainment	Oscars race enters final furlong
entertainment	Oscars steer clear of controversy
entertainment	OutKast win at MTV Europe Awards
entertainment	Paraguay novel wins US book prize
entertainment	Parker's saxophone heads auction
entertainment	Patti Smith to host arts festival
entertainment	Pete Doherty misses bail deadline
entertainment	Pixies take on Reading and Leeds
entertainment	Police praise 'courageous' Ozzy
entertainment	Poppins musical gets flying start
entertainment	Portishead back after eight years
entertainment	Potter director signs Warner deal
entertainment	Prodigy join V Festival line-up
entertainment	Public show for Reynolds portrait
entertainment	Pupils to get anti-piracy lessons
entertainment	REM announce new Glasgow concert
entertainment	REM concerts blighted by illness
entertainment	Rap boss arrested over drug find
entertainment	Rap feud in 50 Cent's G-Unit crew
entertainment	Rapper 50 Cent ends protege feud
entertainment	Rapper 50 Cent scores chart first
entertainment	Rapper Jay-Z becomes label boss
entertainment	Rapper Kanye West's shrewd soul
entertainment	Rapper Snoop Dogg sued for 'rape'
entertainment	Rapper films music video in jail
entertainment	Ray Charles studio becomes museum
entertainment	Redford's vision of Sundance
entertainment	Richard and Judy choose top books
entertainment	Ring of Fire hit co-writer dies
entertainment	Robots march to US cinema summit
entertainment	Rock band U2 break ticket record
entertainment	Rock group Korn's guitarist quits
entertainment	Rock star sued by ex-girlfriend
entertainment	Rocker Doherty in on-stage fight
entertainment	Roundabout continues nostalgia trip
entertainment	Row threatens Hendrix museum plan
entertainment	Roxy Music on Isle of Wight bill
entertainment	School tribute for TV host Carson
entertainment	Scissor Sisters triumph at Brits
entertainment	Shark Tale DVD is US best-seller
entertainment	Show over for MTV's The Osbournes
entertainment	Sideways dominates Spirit awards
entertainment	Singer Christina Aguilera to wed
entertainment	Singer Ferguson 'facing eviction'
entertainment	Singer Ian Brown 'in gig arrest'
entertainment	Singer Knight backs anti-gun song
entertainment	Singer Sizzla jailed for swearing
entertainment	Sky takes over Oscar night mantle
entertainment	Slater to star in Broadway play
entertainment	Smith loses US box office crown
entertainment	Snicket tops US box office chart
entertainment	Snow Patrol bassist exits group
entertainment	Snow Patrol feted at Irish awards
entertainment	Soul sensation ready for awards
entertainment	South Bank Awards honour hit soap
entertainment	Spark heads world Booker list
entertainment	Spears seeks aborted tour payment
entertainment	Spector facing more legal action
entertainment	Spider-Man creator wins profits
entertainment	Spike Lee backs student directors
entertainment	Spirit awards hail Sideways
entertainment	Springer criticises Opera musical
entertainment	Stallone evicted from Big Brother
entertainment	Star Trek fans fight to save show
entertainment	Stars gear up for Bafta ceremony
entertainment	Stars shine on Bafta red carpet
entertainment	Stern dropped from radio stations
entertainment	Streets have 'album of the year'
entertainment	Sundance to honour foreign films
entertainment	Super Size Me wins writers' award
entertainment	Surprise win for anti-Bush film
entertainment	T in the Park sells out in days
entertainment	TOTP turns to Elvis impersonator
entertainment	TV presenter Deeley drops CD:UK
entertainment	TV show unites Angolan families
entertainment	TV station refuses adoption show
entertainment	Tarantino 'to make Friday sequel'
entertainment	Tarantino to direct CSI episode
entertainment	Tautou film tops Cesar prize nods
entertainment	Ten-year tragedy of missing Manic
entertainment	The Producers scoops stage awards
entertainment	The Sound of Music is coming home
entertainment	The comic book genius of Stan Lee
entertainment	Three DJs replace Peel radio show
entertainment	Top gig award for Scissor Sisters
entertainment	Top of the Pops leaves BBC One
entertainment	Top stars join US tsunami TV show
entertainment	Tough schedule delays Elliot show
entertainment	Triple triumph for Little Britain
entertainment	U2 stars enter rock Hall of Fame
entertainment	U2 to play at Grammy awards show
entertainment	U2's desire to be number one
entertainment	UK 'world's biggest music buyer'
entertainment	UK Directors Guild nominees named
entertainment	UK TV channel rapped for CSI ad
entertainment	UK debut for Kevin Spacey movie
entertainment	UK's National Gallery in the pink
entertainment	US 'afflicted' with awards fatigue
entertainment	US 'to raise TV indecency fines'
entertainment	US TV cuts nudity from BBC film
entertainment	US TV host Clark suffers stroke
entertainment	US TV special for tsunami relief
entertainment	US actor 'found with gun residue'
entertainment	US actor Ossie Davis found dead
entertainment	US box office set for record high
entertainment	US charity anthem is re-released
entertainment	US composer recreates Bach score
entertainment	US critics laud comedy Sideways
entertainment	US show sued for rat-eating stunt
entertainment	Uganda bans Vagina Monologues
entertainment	Usher leads Billboard nominations
entertainment	Usher leads Soul Train shortlist
entertainment	Van Gogh festival film withdrawn
entertainment	Vera Drake leads UK Oscar hopes
entertainment	Vera Drake scoops film award
entertainment	Vera Drake's Bafta triumph hope
entertainment	Versace art portfolio up for sale
entertainment	Veteran comic Cyril Fletcher dies
entertainment	Vibe awards back despite violence
entertainment	Volcano drama erupts on BBC One
entertainment	Wal-Mart is sued over rude lyrics
entertainment	West End to honour finest shows
entertainment	Wife Swap makers sue US 'copycat'
entertainment	Willis sues over movie 'injury'
entertainment	Wine comedy up for six film gongs
entertainment	Wine comedy wins critics' award
entertainment	Women in film 'are earning less'
entertainment	X Factor show gets second series
entertainment	Youssou N'Dour wins music prize
entertainment	iTunes now selling Band Aid song
politics	'Best person' for top legal job
politics	'EU referendum could cost £80m'
politics	'Errors' doomed first Dome sale
politics	'Few ready' for information act
politics	'Fido' to be taken off vote lists
politics	'Hitler' row over Welsh arts cash
politics	'Last chance' warning for voters
politics	'More to do' on adult literacy
politics	'No UK apology' for colonial past
politics	'No more concessions' on terror
politics	'No-one can define new hunt ban'
politics	'Nuclear dumpsite' plan attacked
politics	'Poll Idols' face first hurdles
politics	'UK will stand firm on EU rebate'
politics	Abbas 'will not tolerate' attacks
politics	Abortion not a poll issue - Blair
politics	Act on detention ruling, UK urged
politics	Amnesty chief laments war failure
politics	Analysis: No pain, no gain?
politics	Anglers 'could face prosecution'
politics	Anti-terror plan faces first test
politics	Army chiefs in regiments decision
politics	Assembly ballot papers 'missing'
politics	Asylum children to face returns
politics	At a glance: Tory health checks
politics	BAA support ahead of court battle
politics	BNP leader Nick Griffin arrested
politics	Ban on hunting comes into force
politics	Baron Kinnock makes Lords debut
politics	Bid to cut court witness stress
politics	Blair 'damaged' by Blunkett row
politics	Blair 'pressing US on climate'
politics	Blair 'said he would stand down'
politics	Blair 'up for it' ahead of poll
politics	Blair Labour's longest-serving PM
politics	Blair and Blunkett Sheffield trip
politics	Blair and Brown criticised by MPs
politics	Blair blasts Tory spending plans
politics	Blair congratulates Bush on win
politics	Blair defends terror law changes
politics	Blair hails Turkey-EU talks deal
politics	Blair joins school sailing trip
politics	Blair looks to election campaign
politics	Blair moves to woo Jewish voters
politics	Blair pledges unity to Labour MPs
politics	Blair prepares to name poll date
politics	Blair ready to call election
politics	Blair rejects Iraq advice calls
politics	Blair rejects Tory terror offer
politics	Blair returns from peace mission
politics	Blair says UK tsunami aid to soar
politics	Blair says mayor should apologise
politics	Blair sees greater Bush consensus
politics	Blair sets date for Africa report
politics	Blair stresses prosperity goals
politics	Blair to face MPs amid feud talk
politics	Blair to face trust issue head on
politics	Blair told to double overseas aid
politics	Blair's hope for Blunkett return
politics	Blunkett hints at election call
politics	Blunkett row should end - Blair
politics	Blunkett sorry over murder plan
politics	Blunkett tells of love and pain
politics	Blunkett unveils policing plans
politics	Boateng to step down at election
politics	Borders rail link campaign rally
politics	Boris opposes mayor apology
politics	Brown 'proud of economy record'
politics	Brown and Blair face new rift claims
politics	Brown calls for £5.5bn Aids fund
politics	Brown comes out shooting
politics	Brown hits back in Blair rift row
politics	Brown in appeal for Labour unity
politics	Brown shrugs off economy fears
politics	Brown targets OAPs and homebuyers
politics	Brown to outline presidency goals
politics	Brown visits slum on Africa trip
politics	Brown's poll campaign move denied
politics	Budget to set scene for election
politics	Burglar defence guidelines issued
politics	Butler launches attack on Blair
politics	CSA 'could close', says minister
politics	CSA chief who 'quit' still in job
politics	Cabinet anger at Brown cash raid
politics	Campbell returns to election team
politics	Campbell: E-mail row 'silly fuss'
politics	Candidate resigns over BNP link
politics	Cardinal criticises Iraq war cost
politics	Cherie accused of attacking Bush
politics	Child access law shake-up planned
politics	Child access laws shake-up
politics	Choose hope over fear - Kennedy
politics	Citizenship event for 18s touted
politics	Civil servants in strike ballot
politics	Clarke defends terror detentions
politics	Clarke faces ID cards rebellion
politics	Clarke plans migrant point scheme
politics	Clarke to press on with ID cards
politics	Clarke to unveil immigration plan
politics	Commons hunt protest charges
politics	Concerns at school diploma plan
politics	Conservative MP defects to Labour
politics	Conservative backing for ID cards
politics	Correction agency plans dropped
politics	Could rivalry overshadow election?
politics	Council tax rise 'reasonable'
politics	Councils 'must find Gypsy sites'
politics	Councils prepare to set tax rises
politics	Crisis 'ahead in social sciences'
politics	Crucial decision on super-casinos
politics	Custody death rate 'shocks' MPs
politics	David Blunkett in quotes
politics	Defection timed to hit tax pledge
politics	Defiant hunts put ban to the test
politics	Donor attacks Blair-Brown 'feud'
politics	Drink remark 'acts as diversion'
politics	Drive to 'save' festive holidays
politics	E-University 'disgraceful waste'
politics	EU China arms ban 'to be lifted'
politics	EU fraud clampdown urged
politics	EU referendum question unveiled
politics	EU rules 'won't stop UK spending'
politics	Economy focus for election battle
politics	Election 'could be terror target'
politics	Election deal faltered over Heath role
politics	End Bush 'denial' Blair tells EU
politics	England children's tsar appointed
politics	Escaped prisoner report ordered
politics	Ex-PM Lord Callaghan dies aged 92
politics	Faith schools citizenship warning
politics	Falconer rebuts 'charade' claims
politics	February poll claim 'speculation'
politics	Final hunts held as ban looms
politics	Former NI minister Scott dies
politics	Galloway plea for hostage release
politics	Galloway targets 'New Labour' MP
politics	Game warnings 'must be clearer'
politics	Goldsmith denies war advice claim
politics	Goldsmith: 'I was not leant on'
politics	Green fear for transport ballot
politics	Guantanamo four free in weeks
politics	Guantanamo four questioned
politics	Guantanamo man 'suing government'
politics	Guantanamo pair's passport ban
politics	Gurkhas to help tsunami victims
politics	Hague's six-figure earnings shown
politics	Hatfield executives go on trial
politics	Hewitt decries 'career sexism'
politics	Hospital suspends 'no Welsh' plan
politics	Housing plans criticised by MPs
politics	How political squabbles snowball
politics	Howard 'truanted to play snooker'
politics	Howard and Blair tax pledge clash
politics	Howard attacks 'pay later' Budget
politics	Howard attacks cost of asylum
politics	Howard backs stem cell research
politics	Howard dismisses Tory tax fears
politics	Howard hits back at mongrel jibe
politics	Howard pitches for UK ethnic vote
politics	Howard rebuts asylum criticisms
politics	Howard rejects BNP's claim
politics	Howard taunts Blair over splits
politics	Howard unveils Tory asylum plans
politics	Howard unveils election platform
politics	Howard's unfinished business
politics	Hunt ban support is 'in decline'
politics	Hunt demo at Labour meeting
politics	Immigration to be election issue
politics	Iraq advice claim sparks new row
politics	Iraqis win death test case probe
politics	Jack Cunningham to stand down
politics	Jamieson issues warning to bigots
politics	Job cuts 'false economy'  - TUC
politics	Jowell confirms casino climbdown
politics	Jowell rejects 'Las Vegas' jibe
politics	Kelly trails new discipline power
politics	Kennedy begins pre-election tour
politics	Kennedy calls for Iraq exit plans
politics	Kennedy criticises 'unfair' taxes
politics	Kennedy looks to election gains
politics	Kennedy predicts bigger turnout
politics	Kennedy to make temple address
politics	Kennedy's cautious optimism
politics	Kilroy names election seat target
politics	Kilroy unveils immigration policy
politics	Kilroy-Silk attacked with slurry
politics	Kilroy-Silk quits 'shameful' UKIP
politics	Kinnock to urge reform in Lords
politics	Labour MP praises Tory campaign
politics	Labour MPs' fears over squabbling
politics	Labour accused of 'EU propaganda'
politics	Labour accused of broken pledge
politics	Labour attacked on Howard poster
politics	Labour battle plan 'hides Blair'
politics	Labour chooses Manchester
politics	Labour faces 'cold calls' inquiry
politics	Labour in constituency race row
politics	Labour pig poster 'anti-Semitic'
politics	Labour plans maternity pay rise
politics	Labour seeks to quell feud talk
politics	Labour targets 'hardcore truants'
politics	Labour trio 'had vote-rig factory'
politics	Labour's 'EU propaganda'
politics	Labour's Cunningham to stand down
politics	Labour's core support takes stock
politics	Labour's election love-in
politics	Labour's four little words
politics	Lawyer attacks anti-terror laws
politics	Leaders meet over Turkish EU bid
politics	Lib Dems 'to target stamp duty'
politics	Lib Dems demand new inquiry
politics	Lib Dems highlight problem debt
politics	Lib Dems predict 'best ever poll'
politics	Lib Dems stress Budget trust gap
politics	Lib Dems target first-time buyers
politics	Lib Dems target the student vote
politics	Lib Dems unveil election slogan
politics	Lib Dems unveil women's manifesto
politics	Lib Dems' 'bold' election policy
politics	Lib Dems' new election PR chief
politics	Lord Scarman, 93, dies peacefully
politics	Lords wrong on detainees - Straw
politics	MP attacked by muggers in Kenya
politics	MP's shock at long lost daughter
politics	MPs assess Scots fishing industry
politics	MPs criticise child access system
politics	MPs demand 'Budget leak' answers
politics	MPs quiz aides over royal income
politics	MPs to debate 'euthanasia laws'
politics	MPs tout Lords replacement plan
politics	MPs' murder sentence concern
politics	MSPs hear renewed climate warning
politics	Malik rejects all-black MP lists
politics	Mallon wades into NE vote battle
politics	Manchester wins Labour conference
politics	Mandelson warning to BBC
politics	Mandelson warns BBC on Campbell
politics	Mayor will not retract Nazi jibe
politics	McConnell details Scots wave toll
politics	McConnell in 'drunk' remark row
politics	Milburn defends poster campaign
politics	Minimum rate for foster parents
politics	Minimum wage increased to £5.05
politics	Minister defends hunting ban law
politics	Ministers 'naive' over phone-taps
politics	Ministers deny care sums 'wrong'
politics	Ministers lose slopping out case
politics	More reforms ahead says Milburn
politics	Mrs Howard gets key election role
politics	Muslim police stops 'more likely'
politics	Muslims discuss election concerns
politics	NHS waiting time target is cut
politics	Nat Insurance to rise, say Tories
politics	New 'yob' targets to be unveiled
politics	New UKIP defection to 'Veritas'
politics	New drink limit 'would cut toll'
politics	New foot and mouth action urged
politics	New rules tackle 'sham weddings'
politics	No election TV debate, says Blair
politics	No to Royal succession shake-up
politics	Nuclear strike 'key terror risk'
politics	Observers to monitor UK election
politics	Opposition grows to house arrests
politics	PM apology over jailings
politics	Pakistani women 'must not hide'
politics	Parliament's record of scandal
politics	Parties build up poll war chests
politics	Parties' plans for council tax
politics	Peace demo appeal rejected
politics	Peers debate Crown succession law
politics	Petrol duties frozen, Brown says
politics	Plaid MP's cottage arson claim
politics	Plan to give elderly care control
politics	Police chief backs drinking move
politics	Police probe BNP mosque leaflet
politics	Police urge pub closure power
politics	Pre-poll clash on tax and spend
politics	Prime minister's questions
politics	Probe launched on Ken Nazi jibe
politics	Profile: David Blunkett
politics	Profile: David Miliband
politics	Profile: Gordon Brown
politics	Protect whistleblowers, TUC says
politics	Protesters plan airport challenge
politics	Regiments' group in poll move
politics	Report attacks defence spending
politics	Research fears over Kelly's views
politics	Retirement age could be scrapped
politics	Row over 'police' power for CSOs
politics	Royal couple watch nation's mood
politics	Russian ex-spy on hunger strike
politics	Sainsbury's Labour election gift
politics	Sayeed to stand down as Tory MP
politics	School sport 'is back', says PM
politics	Scots smoking ban details set out
politics	Security papers 'found in street'
politics	Short attacks US over tsunami aid
politics	Sport betting rules in spotlight
politics	Stalemate in pension strike talks
politics	Straw attacked on China arms
politics	Straw backs ending China embargo
politics	Straw praises Kashmir moves
politics	Straw to attend Auschwitz service
politics	Strike threat over pension plans
politics	Student 'fee factor' played down
politics	Student 'inequality' exposed
politics	TV debate urged for party chiefs
politics	Talks held on Gibraltar's future
politics	Taxes must be trusted - Kennedy
politics	Teenagers to be allowed to be MPs
politics	Teens 'know little' of politics
politics	Terror detainees win Lords appeal
politics	Terror powers expose 'tyranny'
politics	Terror suspects face house arrest
politics	The memory driving Brown's mission
politics	Thousands join strike in Wales
politics	Top Tories on Lib Dem 'hit list'
politics	Top judge clashes with ministers
politics	Tories 'would cut number of MPs'
politics	Tories attack EU asylum moves
politics	Tories attack burglar 'U-turns'
politics	Tories leave door open for Archer
politics	Tories opposing 24-hour drinking
politics	Tories outlining policing plans
politics	Tories plan migrant health checks
politics	Tories pledge free sports lessons
politics	Tories reject rethink on axed MP
politics	Tories urge 'change at the top'
politics	Tory 'stalking horse' Meyer dies
politics	Tory backing for ID cards
politics	Tory candidate quits over remark
politics	Tory expert denies defeat warning
politics	Tory expert denies defeatism
politics	Tory leader 'cleared' over work
politics	Tory leader quits legal position
politics	Tory leader unveils spending plan
politics	Tory leader urges Harry apology
politics	Tsunami 'won't divert Africa aid'
politics	Tsunami debt deal to be announced
politics	Turkey deal 'to help world peace'
politics	Tutu's Guantanamo release call
politics	UK 'discriminated against Roma'
politics	UK 'needs true immigration data'
politics	UK firms 'embracing e-commerce'
politics	UK heading wrong way - Howard
politics	UK heading wrong way, says Howard
politics	UK helps raped Rwandan women
politics	UK needs tax cuts, Tories insist
politics	UK plan to deport terror suspects
politics	UK pledges £1bn to vaccine effort
politics	UK rebate 'unjustified' - Chirac
politics	UK set to cut back on embassies
politics	UK troops on Ivory Coast standby
politics	UK youth 'interested' in politics
politics	UK's 'useless' quangos under fire
politics	UKIP MEP attacked German 'empire'
politics	UKIP candidate suspended
politics	UKIP candidate suspended in probe
politics	UKIP could sue Veritas defectors
politics	UKIP outspent Labour on EU poll
politics	UKIP's secret weapon?
politics	US casino 'tricks' face ban in UK
politics	Visa decision 'every 11 minutes'
politics	Visa row mandarin made Sir John
politics	Voters 'don't trust politicians'
politics	Voters 'reject EU by two to one'
politics	Vouchers 'to cut winter deaths'
politics	Wales 'must learn health lessons'
politics	Watchdog probes e-mail deletions
politics	What really divides the parties
politics	What the election should really be about?
politics	Whitehall cuts 'ahead of target'
politics	Whitehall shredding increasing - Tories
politics	Will Tory tax cuts lift spirits?
politics	Will the Budget bring out smiling voters?
politics	Women MPs reveal sexist taunts
politics	Woolf murder sentence rethink
sport	2004: An Irish Athletics Year
sport	A November to remember
sport	A year to remember for Irish
sport	Adriano's Chelsea link rejected
sport	African double in Edinburgh
sport	Agassi fear for Melbourne
sport	Ajax refuse to rule out Jol move
sport	All Black magic: New Zealand rugby
sport	Almagro continues Spanish surge
sport	Anelka 'eyes Man City departure'
sport	Anelka apologises for criticism
sport	Angry Williams rejects criticism
sport	Aragones angered by racism fine
sport	Arnesen denies rift with Santini
sport	Arsenal through on penalties
sport	Athens memories soar above lows
sport	Balco case trial date pushed back
sport	Barbarians 19-47 New Zealand
sport	Barcelona title hopes hit by loss
sport	Barkley fit for match in Ireland
sport	Bates seals takeover
sport	Bath faced with Tindall ultimatum
sport	Beattie return calms attack fears
sport	Beckham relief as Real go through
sport	Beckham rules out management move
sport	Bees handed potential Man Utd tie
sport	Bekele sets sights on world mark
sport	Bell set for England debut
sport	Bellamy fined after row
sport	Bellamy under new fire
sport	Benitez 'to launch Morientes bid'
sport	Benitez deflects blame from Dudek
sport	Benitez delight after crucial win
sport	Benitez issues warning to Gerrard
sport	Benitez joy as Reds take control
sport	Big guns ease through in San Jose
sport	Blackburn v Burnley
sport	Blues slam Blackburn over Savage
sport	Bomb threat at Bernabeu stadium
sport	Borders 19-20 Ulster
sport	Boro suffer Morrison injury blow
sport	Bosvelt optimistic over new deal
sport	Brentford v Southampton
sport	Bridge could miss rest of season
sport	Bristol City 2-1 Milton Keynes
sport	Britain boosted by Holmes double
sport	Brizzel to run AAA's in Sheffield
sport	Bryan twins keep US hopes alive
sport	Butler strikes gold in Spain
sport	Calder fears for Scottish rugby
sport	Call for Kenteris to be cleared
sport	Campbell lifts lid on United feud
sport	Campbell rescues Arsenal
sport	Campbell to be Lions consultant
sport	Campbell to extend sprint career
sport	Campese berates whingeing England
sport	Can Smith work Scottish wonders?
sport	Candela completes Bolton switch
sport	Capriati out of Australian Open
sport	Capriati to miss Melbourne
sport	Captains lining up for Aid match
sport	Castaignede fires Laporte warning
sport	Celtic make late bid for Bellamy
sport	Celtic unhappy over Bulgaria date
sport	Celts savour Grand Slam prospect
sport	Charvis set to lose fitness bid
sport	Chelsea clinch cup in extra-time
sport	Chelsea denied by James heroics
sport	Chelsea hold Arsenal
sport	Chelsea ridiculed over complaint
sport	Chelsea sack Mutu
sport	Chepkemei hit by big ban
sport	Chepkemei joins Edinburgh line-up
sport	Classy Henman makes winning start
sport	Claxton hunting first major medal
sport	Clijsters could play Aussie Open
sport	Clijsters hope on Aussie Open
sport	Clijsters set for February return
sport	Clyde 0-5 Celtic
sport	Coach Ranieri sacked by Valencia
sport	Cole faces lengthy injury lay-off
sport	Cole refuses to blame van Persie
sport	Collins appeals against drugs ban
sport	Collins banned in landmark case
sport	Collins calls for Chambers return
sport	Collins named UK Athletics chief
sport	Collins to compete in Birmingham
sport	Connors boost for British tennis
sport	Connors' rallying cry for British tennis
sport	Corry backs skipper Robinson
sport	Costin aims for comeback in 2006
sport	Cudicini misses Carling Cup final
sport	Cup holders Man Utd visit Everton
sport	Curbishley delight for Johansson
sport	D'Arcy injury adds to Ireland woe
sport	Dal Maso in to replace Bergamasco
sport	Dallaglio eyeing Lions tour place
sport	Dallaglio his own man to the end
sport	Davenport dismantles young rival
sport	Davenport puts retirement on hold
sport	Davies favours Gloucester future
sport	Dawson joins England injury list
sport	Dawson set for new Wasps contract
sport	Dawson wins England squad recall
sport	Dementieva prevails in Hong Kong
sport	Dent continues Adelaide progress
sport	Dibaba breaks 5,000m world record
sport	Disappointed Scott in solid start
sport	Dogged Federer claims Dubai crown
sport	Dominici backs lacklustre France
sport	Double injury blow strikes Wales
sport	Downing injury mars Uefa victory
sport	Duff ruled out of Barcelona clash
sport	Dundee Utd 4-1 Aberdeen
sport	Dunne keen to commit to Man City
sport	Edgy Agassi struggles past Dent
sport	Edu blasts Arsenal
sport	Edu describes tunnel fracas
sport	El Guerrouj targets cross country
sport	England 'to launch ref protest'
sport	England 17-18 France
sport	England claim Dubai Sevens glory
sport	England coach faces rap after row
sport	England given tough Sevens draw
sport	England's defensive crisis grows
sport	English clubs make Euro history
sport	European medal chances improve
sport	Everton's Weir cools Euro hopes
sport	FA charges Liverpool and Millwall
sport	FA decides not to punish Mourinho
sport	FA probes crowd trouble
sport	Farrell saga to drag on - Lindsay
sport	Faultless Federer has no equal
sport	Fear will help France - Laporte
sport	Federer breezes into semi-finals
sport	Federer claims Dubai crown
sport	Federer forced to dig deep
sport	Federer joins all-time greats
sport	Ferdinand casts doubt over Glazer
sport	Ferguson fears Milan cutting edge
sport	Ferguson hails Man Utd's resolve
sport	Ferguson puts faith in youngsters
sport	Ferguson urges Henry punishment
sport	Ferrero eyes return to top form
sport	Finnan says Irish can win group
sport	Fit-again Betsen in France squad
sport	France v Wales (Sat)
sport	Funding cut hits Wales Students
sport	GB quartet get cross country call
sport	GB select Holmes for double bid
sport	Gallas sees two-horse race
sport	Gardener battles to narrow win
sport	Gardener wins double in Glasgow
sport	Gatlin and Hayes win Owen awards
sport	Gebrselassie in London triple bid
sport	Gerrard happy at Anfield
sport	Gerrard plays down European hopes
sport	Giggs handed Wales leading role
sport	Greek duo cleared in doping case
sport	Greek pair attend drugs hearing
sport	Greek pair set for hearing
sport	Greek sprinters 'won't run again'
sport	Greek sprinters suspended by IAAF
sport	Greene sets sights on world title
sport	Gronkjaer agrees switch to Madrid
sport	Hamm bows out for US
sport	Hansen 'delays return until 2006'
sport	Healey targets England comeback
sport	Hearts 2-1 Livingston
sport	Hearts of Oak 3-2 Cotonsport
sport	Henin-Hardenne beaten on comeback
sport	Henman & Murray claim LTA awards
sport	Henman decides to quit Davis Cup
sport	Henman hopes ended in Dubai
sport	Henman overcomes rival Rusedski
sport	Henman to face Saulnier test
sport	Henry tipped for Fifa award
sport	Henson stakes early Lions claim
sport	Hereford 1-1 Doncaster
sport	Hewitt falls to Dent
sport	Hewitt falls to Dent in Adelaide
sport	Hewitt fights back to reach final
sport	Hewitt overcomes wobble in Sydney
sport	Hewitt survives Nalbandian epic
sport	Highbury tunnel players in clear
sport	Hingis hints at playing comeback
sport	Hingis to make unexpected return
sport	Hitzlsperger waiting on O'Leary
sport	Hodges announces rugby retirement
sport	Hodgson relishes European clashes
sport	Hodgson shoulders England blame
sport	Holmes back on form in Birmingham
sport	Holmes feted with further honour
sport	Holmes is hit by hamstring injury
sport	Holmes secures comeback victory
sport	Holmes urged to compete at Worlds
sport	Hong Kong in 2011 World Cup bid
sport	Houllier praises Benitez regime
sport	IAAF awaits Greek pair's response
sport	IAAF launches fight against drugs
sport	IAAF to rule on Greek sprint pair
sport	IAAF will contest Greek decision
sport	Injury doubts beset Wales squad
sport	Injury sidelines Philippoussis
sport	Iranian misses Israel match
sport	Ireland 17-12 South Africa
sport	Ireland 19-13 England
sport	Ireland 21-19 Argentina
sport	Ireland call up uncapped Campbell
sport	Ireland surge past Scots
sport	Ireland v USA (Sat)
sport	Ireland win eclipses refereeing 'errors'
sport	Irish finish with home game
sport	Isinbayeva claims new world best
sport	Isinbayeva heads for Birmingham
sport	Israeli club look to Africa
sport	Italy 17-28 Ireland
sport	Italy 8-38 Wales
sport	Italy aim to rattle England
sport	Ivanovic seals Canberra victory
sport	Jansen suffers a further setback
sport	Johansson takes Adelaide victory
sport	Johnson accuses British sprinters
sport	Johnson announces June retirement
sport	Johnson edges out rival Sotherton
sport	Johnson too strong for GB runners
sport	Johnson uncertain about Euro bid
sport	Jol joy at 'professional' Cup win
sport	Jones doping probe begins
sport	Jones files Conte lawsuit
sport	Jones files lawsuit against Conte
sport	Jones happy with Henson heroics
sport	Jones medals 'must go if guilty'
sport	Juninho demand for O'Neill talks
sport	Keegan hails comeback king Fowler
sport	Kenteris denies faking road crash
sport	Kenya lift Chepkemei's suspension
sport	Kenyon denies Robben Barca return
sport	Kerr frustrated at victory margin
sport	Kewell waits as injury drags on
sport	Kirwan demands Italy consistency
sport	Klinsmann issues Lehmann warning
sport	Kluft impressed by Sotherton form
sport	Koubek suspended after drugs test
sport	Kuznetsova 'failed a drugs test'
sport	Laporte tinkers with team
sport	Leeds v Saracens (Fri)
sport	Legendary Dutch boss Michels dies
sport	Lennon brands Rangers favourites
sport	Lewis-Francis eyeing world gold
sport	Lewis-Francis turns to Christie
sport	Lewsey puzzle over disallowed try
sport	Lions blow to World Cup stars
sport	Lions blow to World Cup winners
sport	Liverpool pledge to keep Gerrard
sport	Liverpool revel in night of glory
sport	Llewellyn plans Wales retirement
sport	Lomu relishing return to action
sport	London Irish 19-33 Wasps
sport	London hope over Chepkemei
sport	Man City 0-2 Man Utd
sport	Man Utd stroll to Cup win
sport	Man Utd through after Exeter test
sport	Mansfield 0-1 Leyton Orient
sport	Martinez sees off Vinci challenge
sport	Mauresmo opens with victory in LA
sport	McCall earns Tannadice reprieve
sport	McClaren eyes Uefa Cup top spot
sport	McClaren hails Boro's Uefa spirit
sport	McClaren targets Champions League
sport	McIlroy aiming for Madrid title
sport	McIlroy continues winning streak
sport	McIlroy wins 800m indoor title
sport	McLeish ready for criticism
sport	Melzer shocks Agassi
sport	Melzer shocks Agassi in San Jose
sport	Merritt close to indoor 400m mark
sport	Mexicans tracking unhappy Juninho
sport	Middlesbrough 2-2 Charlton
sport	Mido makes third apology
sport	Minister digs in over doping row
sport	Mirza makes Indian tennis history
sport	Mirza shocks Kuznetsova
sport	Moody joins up with England
sport	Moore questions captaincy
sport	Mourinho defiant on Chelsea form
sport	Mourinho expects fight to finish
sport	Mourinho plots impressive course
sport	Mourinho receives Robson warning
sport	Mourinho takes swipe at Arsenal
sport	Mourinho to escape FA charge
sport	Moya clinches Cup for Spain
sport	Moya emotional after Davis Cup win
sport	Moya emotional at Davis Cup win
sport	Moya fights back for Indian title
sport	Moya sidesteps Davis Cup in 2005
sport	Moya suffers shock loss
sport	Moyes U-turn on Beattie dismissal
sport	Munster Cup tie switched to Spain
sport	Murphy: That was a bruising battle
sport	Murray returns to Scotland fold
sport	Murray to make Cup history
sport	Mutu to hold talks with Juventus
sport	Nadal marches on in Mexico
sport	Nadal puts Spain 2-0 up
sport	Navratilova hits out at critics
sport	Newcastle 2-1 Bolton
sport	Newcastle 27-27 Gloucester
sport	Newcastle line up Babayaro
sport	Newcastle to join Morientes race
sport	Newry to fight cup exit in courts
sport	O'Connell rejects Lions rumours
sport	O'Connor aims to grab opportunity
sport	O'Driscoll out of Scotland game
sport	O'Driscoll saves Irish blushes
sport	O'Driscoll/Gregan lead Aid stars
sport	O'Gara revels in Ireland victory
sport	O'Leary agrees new Villa contract
sport	O'Sullivan commits to Dublin race
sport	O'Sullivan could run in Worlds
sport	O'Sullivan keeps his powder dry
sport	O'Sullivan quick to hail Italians
sport	Off-colour Gardener storms to win
sport	Officials respond in court row
sport	Old Firm pair handed suspensions
sport	Owen delighted with Real display
sport	Owen determined to stay in Madrid
sport	Owen set for skipper role
sport	Palace threat over Cantona masks
sport	Paris promise raises Welsh hopes
sport	Parker misses England clash
sport	Parmar ruled out of Davis Cup tie
sport	Parry firm over Gerrard
sport	Parry puts Gerrard 'above money'
sport	Parry relishes Anfield challenge
sport	Pavey focuses on indoor success
sport	Pearce keen on succeeding Keegan
sport	Philippoussis doubt over Open bid
sport	Player burn-out worries Robinson
sport	Poll explains free-kick decision
sport	Pountney handed ban and fine
sport	Premier League planning Cole date
sport	Preview: Ireland v England (Sun)
sport	Prodigy Monfils blows away Gaudio
sport	Prop Jones ready for hard graft
sport	Prutton poised for lengthy FA ban
sport	QPR keeper Day heads for Preston
sport	Radcliffe enjoys winning comeback
sport	Radcliffe eyes hard line on drugs
sport	Radcliffe proves doubters wrong
sport	Radcliffe tackles marathon tasks
sport	Radcliffe will compete in London
sport	Radcliffe yet to answer GB call
sport	Rangers seal Old Firm win
sport	Reaction from Spanish press
sport	Real in talks over Gravesen move
sport	Real will finish abandoned match
sport	Record fails to lift lacklustre meet
sport	Redknapp poised for Saints
sport	Redknapp's Saints face Pompey tie
sport	Reds sink 10-man Magpies
sport	Ref stands by Scotland decisions
sport	Relay squad thrilled with honours
sport	Republic to face China and Italy
sport	Reyes tricked into Real admission
sport	Robben and Cole earn Chelsea win
sport	Robben plays down European return
sport	Robben sidelined with broken foot
sport	Robertson out to retain Euro lure
sport	Robinson answers critics
sport	Robinson out of Six Nations
sport	Robinson ready for difficult task
sport	Robinson wants dual code success
sport	Roche 'turns down Federer offer'
sport	Rochus shocks Coria in Auckland
sport	Roddick in talks over new coach
sport	Roddick into San Jose final
sport	Roddick splits from coach Gilbert
sport	Roddick to face Saulnier in final
sport	Ronaldo considering new contract
sport	Rovers reject third Ferguson bid
sport	Ruddock backs Yapp's credentials
sport	Running around the Olympics
sport	Rusedski angry over supplements
sport	Rusedski forced out in Marseille
sport	Rush future at Chester uncertain
sport	SA return to Mauritius
sport	SFA awaits report over Mikoliunas
sport	Safin cool on Wimbledon
sport	Safin plays down Wimbledon hopes
sport	Safin relieved at Aussie recovery
sport	Safin slumps to shock Dubai loss
sport	Saint-Andre anger at absent stars
sport	Santini resigns as Spurs manager
sport	Scotland 18-10 Italy
sport	Scotland v Italy (Sat)
sport	Scots suffer another injury blow
sport	Scrum-half Williams rejoins Bath
sport	Sculthorpe wants Lions captaincy
sport	Sella wants Michalak recall
sport	Serena becomes world number two
sport	Serena ends Sania Mirza's dream
sport	Slovakia reach Hopman Cup final
sport	Slovakia seal Hopman Cup success
sport	Smith aims to bring back respect
sport	Smith keen on Home series return
sport	Sociedad set to rescue Mladenovic
sport	Soderling wins tense Milan final
sport	Solskjaer raises hopes of return
sport	Souness backs Smith for Scotland
sport	Souness delight at Euro progress
sport	Souness eyes summer move for Owen
sport	South Africa sweep top awards
sport	Sprinter Walker quits athletics
sport	Spurs to sign Iceland U21 star
sport	Stam spices up Man Utd encounter
sport	Stevens named in England line-up
sport	Strachan turns down Pompey
sport	Stuart joins Norwich from Addicks
sport	Sydney return for Henin-Hardenne
sport	Sydney to host north v south game
sport	TV calls after Carroll error
sport	Taylor poised for Scotland return
sport	Teenager Tait picked for England
sport	Tevez - an Argentine in Brazil
sport	Thanou bullish over drugs hearing
sport	Thanou desperate to make return
sport	Thomas out of Six Nations
sport	Thompson says Gerrard should stay
sport	Tigers wary of Farrell 'gamble'
sport	Time to get tough on friendlies?
sport	Tindall aiming to earn Lions spot
sport	Tindall wants second opinion
sport	Tomlinson stays focused on Europe
sport	Tottenham bid &#163;8m for Forest duo
sport	Trial date is set for Balco case
sport	Tulu to appear at Caledonian run
sport	UK Athletics agrees new kit deal
sport	Uefa approves fake grass
sport	Umaga ready for "fearsome" Lions
sport	Umaga ready for Lions
sport	Unclear future for striker Baros
sport	Van Nistelrooy set to return
sport	Venus stunned by Farina Elia
sport	Verdict delay for Greek sprinters
sport	Veteran Martinez wins Thai title
sport	Vickery out of Six Nations
sport	Vickery upbeat about arm injury
sport	WRU proposes season overhaul
sport	Wada will appeal against ruling
sport	Wales coach elated with win
sport	Wales critical of clumsy Grewcock
sport	Wales get Williams fitness boost
sport	Wales hails new superstar
sport	Wales make two changes for France
sport	Wales silent on Grand Slam talk
sport	Wales stars need a rest - Ruddock
sport	Wales want rugby league training
sport	Wales win in Rome
sport	Wasps 31-37 Leicester
sport	Weir poised for Sunderland move
sport	Wenger dejected as Arsenal slump
sport	Wenger handed summer war chest
sport	Wenger keeping faith with Almunia
sport	Wenger offers Mutu hope
sport	Wenger rules out new keeper
sport	Wenger shock at Newcastle dip
sport	Wenger signs new deal
sport	Wenger steps up row
sport	What now for British tennis?
sport	What now for Kelly Holmes?
sport	White admits to Balco drugs link
sport	White prepared for battle
sport	Wilkinson fit to face Edinburgh
sport	Wilkinson return 'unlikely'
sport	Wilkinson to lead England
sport	Wilkinson to miss Ireland match
sport	Williams battles to Aussie title
sport	Williams says he will never quit
sport	Williams stays on despite dispute
sport	Wood - Ireland can win Grand Slam
sport	Woodward eyes Brennan for Lions
sport	Worcester v Sale (Fri)
sport	Wright-Phillips to start on right
sport	Yachvili savours France comeback
sport	Yeading face Newcastle in FA Cup
sport	Yelling takes Cardiff hat-trick
sport	Young debut cut short by Ginepri
sport	Zambia confident and cautious
tech	'Blog' picked as word of the year
tech	'Evil twin' fear for wireless net
tech	'Friends fear' with lost mobiles
tech	'Podcasters' look to net money
tech	A decade of good website design
tech	A question of trust and technology
tech	Anti-spam laws bite spammer hard
tech	Anti-spam screensaver scrapped
tech	Anti-tremor mouse stops PC shakes
tech	Apple Mac mini gets warm welcome
tech	Apple makes blogs reveal sources
tech	Apple sues 'Tiger' file sharers
tech	Apple sues to stop product leaks
tech	Argonaut founder rebuilds empire
tech	Attack prompts Bush site block
tech	BBC leads interactive Bafta wins
tech	BBC web search aids odd queries
tech	BT boosts its broadband packages
tech	BT offers free net phone calls
tech	BT program to beat dialler scams
tech	Bad e-mail habits sustains spam
tech	Ban hits Half-Life 2 pirates hard
tech	Be careful how you code
tech	Beckham virus spotted on the net
tech	Big war games battle it out
tech	Blinx sequel purrs nicely
tech	Blog reading explodes in America
tech	Blogger grounded by her airline
tech	Blogs take on the mainstream
tech	Bond game fails to shake or stir
tech	British Library gets wireless net
tech	Britons growing 'digitally obese'
tech	Broadband challenges TV viewing
tech	Broadband fuels online change
tech	Broadband fuels online expression
tech	Broadband in the UK gathers pace
tech	Broadband set to revolutionise TV
tech	Broadband soars in 2004
tech	Broadband steams ahead in the US
tech	Broadband takes on TV viewing
tech	Bush website blocked outside US
tech	Cable offers video-on-demand
tech	Cabs collect mountain of mobiles
tech	Call for action on internet scam
tech	Can Yahoo dominate next decade?
tech	Casual gaming to 'take off'
tech	Cebit fever takes over Hanover
tech	Cebit opens to mobile music tune
tech	Cheaper chip for mobiles
tech	China 'blocks Google news site'
tech	China 'ripe' for media explosion
tech	China 'to overtake US net use'
tech	China net cafe culture crackdown
tech	Chip maker backs net phone calls
tech	Computer grid to help the world
tech	Concern over RFID tags
tech	Concerns over Windows ATMs
tech	Confusion over high-definition TV
tech	Consumer concern over RFID tags
tech	Consumers 'snub portable video'
tech	Court mulls file-sharing future
tech	Creator of first Apple Mac dies
tech	Cyber crime booms in 2004
tech	Cyber criminals step up the pace
tech	DS aims to touch gamers
tech	Digital UK driven by net and TV
tech	Domain system opens door to scams
tech	Domain system scam fear
tech	Dozens held over ID fraud site
tech	Dublin hi-tech labs to shut down
tech	EA to take on film and TV giants
tech	EU software patent law delayed
tech	Fast lifts rise into record books
tech	Fast moving phone bugs appear
tech	Fast moving phone viruses appear
tech	Finding new homes for old phones
tech	Firefox browser takes on Microsoft
tech	First look at PlayStation 3 chip
tech	Football Manager scores big time
tech	France starts digital terrestrial
tech	GTA sequel is criminally good
tech	Gadget growth fuels eco concerns
tech	Gadget show heralds MP3 Christmas
tech	Gadget show heralds MP3 season
tech	Gadgets galore on show at fair
tech	Game firm holds 'cast' auditions
tech	Game makers get Xbox 2 sneak peek
tech	Gamer buys $26,500 virtual land
tech	Gamers could drive high-definition
tech	Gamers snap up new Sony PSP
tech	Games 'deserve a place in class'
tech	Games enter the classroom
tech	Games firms 'face tough future'
tech	Games help you 'learn and play'
tech	Games maker fights for survival
tech	Gangsters dominate gaming chart
tech	Gates opens biggest gadget fair
tech	Gizmondo gadget hits the shelves
tech	Global blogger action day called
tech	Global digital divide 'narrowing'
tech	Go-ahead for new internet names
tech	Google launches TV search service
tech	Google to scan famous libraries
tech	Google's toolbar sparks concern
tech	Gritty return for Prince of Persia
tech	Hacker threat to Apple's iTunes
tech	Half of UK's mobiles 'go online'
tech	Half-Life 2 sweeps Bafta awards
tech	Halo 2 heralds traffic explosion
tech	Halo 2 sells five million copies
tech	Halo fans' hope for sequel
tech	Have hackers recruited your PC?
tech	Hi-tech posters guide commuters
tech	Hitachi unveils 'fastest robot'
tech	Hollywood campaign hits websites
tech	Hollywood to sue net film pirates
tech	Home phones face unclear future
tech	Honour for UK games maker
tech	How to make a gigapixel picture
tech	How to make a greener computer
tech	How to smash a home computer
tech	Humanoid robot learns how to run
tech	IBM frees 500 software patents
tech	ITunes user sues Apple over iPod
tech	Ink helps drive democracy in Asia
tech	Internet boom for gift shopping
tech	Iran jails blogger for 14 years
tech	Joke e-mail virus tricks users
tech	Lasers help bridge network gaps
tech	Learning to love broadband
tech	Local net TV takes off in Austria
tech	Long life promised for laptop PCs
tech	Losing yourself in online gaming
tech	Loyalty cards idea for TV addicts
tech	Mac Mini heralds mini revolution
tech	Man auctions ad space on forehead
tech	Media gadgets get moving
tech	Microsoft launches its own search
tech	Microsoft plans 'safer ID' system
tech	Microsoft releases bumper patches
tech	Microsoft releases patches
tech	Microsoft sets sights on spyware
tech	Microsoft takes on desktop search
tech	Mobile TV tipped as one to watch
tech	Mobile audio enters new dimension
tech	Mobile gaming takes off in India
tech	Mobile gig aims to rock 3G
tech	Mobile music challenges 'iPod age'
tech	Mobile picture power in your pocket
tech	Mobiles double up as bus tickets
tech	Mobiles get set for visual radio
tech	More movies head to Sony's PSP
tech	More women turn to net security
tech	Movie body hits peer-to-peer nets
tech	Movie body targets children's PCs
tech	Moving mobile improves golf swing
tech	Multi-purpose TV aids India
tech	Musical future for phones
tech	Musicians 'upbeat' about the net
tech	Net fingerprints combat attacks
tech	Net regulation 'still possible'
tech	New Year's texting breaks record
tech	New browser wins over net surfers
tech	New consoles promise big problems
tech	New delay hits EU software laws
tech	Nintendo DS aims to touch gamers
tech	Nintendo DS makes its Euro debut
tech	Nintendo adds media playing to DS
tech	Nintendo handheld given Euro date
tech	No half measures with Half-Life 2
tech	Norway upholds 'Napster' ruling
tech	Nuclear body seeks new tech
tech	Online commons to spark debate
tech	Online games play with politics
tech	Open source leaders slam patents
tech	PC ownership to 'double by 2010'
tech	PC photo printers challenge pros
tech	Pandas benefit from wireless net
tech	Parents face video game lessons
tech	Piero gives rugby perspective
tech	PlayStation 3 chip to be unveiled
tech	PlayStation 3 processor unveiled
tech	Players sought for $1m prize
tech	Podcasts mark rise of DIY radio
tech	Poles play with GameBoy 'blip-pop'
tech	Pompeii gets digital make-over
tech	Portable PlayStation ready to go
tech	Putting a face to 'Big Brother'
tech	Reboot ordered for EU patent law
tech	Remote control rifle range debuts
tech	Rich pickings for hi-tech thieves
tech	Rivals of the £400 Apple...
tech	Robotic pods take on car design
tech	Robots learn 'robotiquette' rules
tech	Rolling out next generation's net
tech	Row brewing over peer-to-peer ads
tech	Santy worm makes unwelcome visit
tech	Satellite mapping aids Darfur relief
tech	Screensaver tackles spam websites
tech	Search sites get closer to users
tech	Search wars hit desktop PCs
tech	Security scares spark browser fix
tech	Set your television to wow
tech	Slim PlayStation triples sales
tech	Slimmer PlayStation triple sales
tech	Slow start to speedy net services
tech	Smart search lets art fans browse
tech	Smartphones suffer Skulls attack
tech	Solutions to net security fears
tech	Sony PSP handheld console hits US
tech	Sony wares win innovation award
tech	Souped-up wi-fi is on the horizon
tech	Speech takes on search engines
tech	Sporting rivals go to extra time
tech	Supercomputer breaks speed record
tech	Swap offer for pirated Windows XP
tech	TV future in the hands of viewers
tech	TV's future down the phone line
tech	Tech helps disabled speed demons
tech	Technology gets the creative bug
tech	Telewest to challenge Sky Plus
tech	Text message record smashed
tech	Text message record smashed again
tech	Text messages aid disaster recovery
tech	The Force is strong in Battlefront
tech	The future in your pocket
tech	The gaming world in 2005
tech	The pirates with no profit motive
tech	The year search became personal
tech	Toxic web links help virus spread
tech	UK broadband gets speed injection
tech	UK gets official virus alert site
tech	UK net users leading TV downloads
tech	UK pioneers digital film network
tech	US cyber security chief resigns
tech	US hacker breaks into T-Mobile
tech	US state acts to stop 'spammers'
tech	US top of supercomputing charts
tech	US woman sues over cartridges
tech	US woman sues over ink cartridges
tech	Ultra fast wi-fi nears completion
tech	Video phone help for deaf people
tech	Video phones act as dating tools
tech	Viewers to be able to shape TV
tech	Virgin Radio offers 3G broadcast
tech	Voters flock to blog awards site
tech	Warning over Windows Word files
tech	Warnings about junk mail deluge
tech	Warnings on woeful wi-fi security
tech	Web helps collect aid donations
tech	Web logs aid disaster recovery
tech	Web photo storage market hots up
tech	What price for 'trusted PC security'?
tech	What's next for next-gen consoles?
tech	When invention turns to innovation
tech	When technology gets personal
tech	Who do you think you are?
tech	Why Cell will get the hard sell
tech	Wi-fi web reaches farmers in Peru
tech	Windows worm travels with Tetris
tech	World tour for top video gamers
tech	Xbox 2 may be unveiled in summer
tech	Xbox power cable 'fire fear'
tech	Yahoo celebrates a decade online
tech	Yahoo moves into desktop search
